geneName,spacer,position,index
gpmA,GGCUGUAACUAAGCUGGUUC,-,1
gpmA,AAGCUGGUUCUGGUUCGUCA,-,2
gpmA,UUCGUCAUGGCGAAAGUCAG,-,3
gpmA,AACAAAGAAAACCGUUUCAC,-,4
gpmA,AAGAAAACCGUUUCACCGGU,-,5
gpmA,UUUCACCGGUUGGUACGACG,-,6
gpmA,GACGUGGAUCUGUCUGAGAA,-,7
gpmA,GUAAGCGAAGCAAAAGCAGC,-,8
gpmA,AGCAGGUAAGCUGCUGAAAG,-,9
gpmA,GGUAAGCUGCUGAAAGAGGA,-,10
gpmA,AACGCGCUAUCCAUACCCUG,-,11
gpmA,CCAUACCCUGUGGAAUGUGC,-,12
gpmA,GUGGAAUGUGCUGGACGAAC,-,13
gpmA,UGUGCUGGACGAACUGGAUC,-,14
gpmA,UGGACGAACUGGAUCAGGCA,-,15
gpmA,GGCUGCCCGUUGAGAAAUCC,-,16
gpmA,AAACUGAACGAACGUCACUA,-,17
gpmA,ACGUCACUACGGUGCGUUGC,-,18
gpmA,CGUCACUACGGUGCGUUGCA,-,19
gpmA,GUUGCAGGGUCUGAACAAAG,-,20
gpmA,GCGGAAACUGCUGAAAAGUA,-,21
gpmA,UGAAAAGUAUGGCGACGAGC,-,22
gpmA,GCGACGAGCAGGUGAAACAG,-,23
gpmA,CAGGUGAAACAGUGGCGUCG,-,24
gpmA,UGGUUUUGCAGUGACUCCGC,-,25
gpmA,UAAAGAUGAUGAGCGUUAUC,-,26
gpmA,AAAGAUGAUGAGCGUUAUCC,-,27
gpmA,CGAGAAAGAACUGCCGCUGA,-,28
gpmA,ACUGCCGCUGACGGAAAGCC,-,29
gpmA,UUGACCGCGUGAUCCCUUAC,-,30
gpmA,AUUCUGCCGCGUAUGAAGAG,-,31
gpmA,CGCGUGAUCAUCGCUGCACA,-,32
gpmA,CGGUAACUCUUUACGUGCGC,-,33
gpmA,CUUGAGCUUAAUAUCCCGAC,-,34
gpmA,UAUCCCGACUGGCGUGCCGC,-,35
gpmA,ACCGCUGAAACGCUAUUAUC,-,36
gpmA,CCGCUGAAACGCUAUUAUCU,-,37
gpmA,CGAGAUCGCAGCGAAAGCAG,-,38
gpmA,GAUCGCAGCGAAAGCAGCGG,-,39
gpmA,AGCAGCGGCGGUUGCAAACC,-,40
gpmA,GCAGCGGCGGUUGCAAACCA,-,41
gpmA,AAAGCCGACUGCAAGUGAGU,-,42
gpmA,GGCUUUUUUGUUGCUAACAA,-,43
fbaA,AUUUUUGAUUUCGUAAAACC,-,1
fbaA,GUAAAACCUGGCGUAAUCAC,-,2
fbaA,UGACGUACAGAAAGUUUUCC,-,3
fbaA,CUGCCAGCAGUAAACUGCGU,-,4
fbaA,UGACUCCAUCAACGCCGUAC,-,5
fbaA,CGCUGCUAAAGUUAAAGCGC,-,6
fbaA,GUUAUCGUUCAGUUCUCCAA,-,7
fbaA,AUCGUUCAGUUCUCCAACGG,-,8
fbaA,GGUGGUGCUUCCUUUAUCGC,-,9
fbaA,GCUUCCUUUAUCGCUGGUAA,-,10
fbaA,CGUGAAAUCUGACGUUCCGC,-,11
fbaA,GUGAAAUCUGACGUUCCGCA,-,12
fbaA,UCCGCAGGGUGCUGCUAUCC,-,13
fbaA,CCGCAGGGUGCUGCUAUCCU,-,14
fbaA,GCUAUCCUGGGCGCGAUCUC,-,15
fbaA,UGCGCAUCACGUUCACCAGA,-,16
fbaA,CACCAGAUGGCUGAACAUUA,-,17
fbaA,GGCUGAACAUUAUGGUGUUC,-,18
fbaA,GCGCGAAGAAACUGCUGCCG,-,19
fbaA,AAACUGCUGCCGUGGAUCGA,-,20
fbaA,GCCGUGGAUCGACGGUCUGU,-,21
fbaA,GAUCGACGGUCUGUUGGACG,-,22
fbaA,AUCGACGGUCUGUUGGACGC,-,23
fbaA,GAAAAACACUUCGCAGCUAC,-,24
fbaA,CGAAAUCUGCUCUAAAUACC,-,25
fbaA,CUGGAGCGCAUGUCCAAAAU,-,26
fbaA,GUCCAAAAUCGGCAUGACUC,-,27
fbaA,CAUGACUCUGGAAAUCGAAC,-,28
fbaA,AUGACUCUGGAAAUCGAACU,-,29
fbaA,GAAAUCGAACUGGGUUGCAC,-,30
fbaA,AUCGAACUGGGUUGCACCGG,-,31
fbaA,UGCACCGGUGGUGAAGAAGA,-,32
fbaA,CGGUGGUGAAGAAGACGGCG,-,33
fbaA,CGGCGUGGACAACAGCCACA,-,34
fbaA,UUCUGCACUGUACACCCAGC,-,35
fbaA,UUCACCAUCGCAGCGUCCUU,-,36
fbaA,GCGUCCUUCGGUAACGUACA,-,37
fbaA,CGUACACGGUGUUUACAAGC,-,38
fbaA,GUACACGGUGUUUACAAGCC,-,39
fbaA,UGUUUACAAGCCGGGUAACG,-,40
fbaA,GACCAUCCUGCGUGAUUCUC,-,41
fbaA,AGCCUGAACUUCGUAUUCCA,-,42
fbaA,CUGAACUUCGUAUUCCACGG,-,43
fbaA,UUCGUAUUCCACGGUGGUUC,-,44
fbaA,UGGUUCCGGUUCUACUGCUC,-,45
fbaA,AUCAAAGACUCCGUAAGCUA,-,46
fbaA,ACAUCGAUACCGAUACCCAA,-,47
fbaA,CAUCGAUACCGAUACCCAAU,-,48
fbaA,CCGAUACCCAAUGGGCAACC,-,49
fbaA,CGAUACCCAAUGGGCAACCU,-,50
fbaA,ACCCAAUGGGCAACCUGGGA,-,51
fbaA,AGCGAACGAAGCUUAUCUGC,-,52
fbaA,GCGAACGAAGCUUAUCUGCA,-,53
fbaA,AGCUUAUCUGCAGGGUCAGC,-,54
fbaA,GCUUAUCUGCAGGGUCAGCU,-,55
fbaA,GGUCAGCUGGGUAACCCGAA,-,56
fbaA,AAUACUACGAUCCGCGCGUA,-,57
fbaA,CCGCGCGUAUGGCUGCGUGC,-,58
fbaA,GACUUCGAUGAUCGCUCGUC,-,59
fbaA,UCGUCUGGAGAAAGCAUUCC,-,60
fbaA,AUUCCUUUCUGCUUAUCUCA,-,61
fbaA,UUAUCUCAAGGCCCGCUCUG,-,62
fbaA,UAUCUCAAGGCCCGCUCUGC,-,63
fbaA,CCUGAUGCGCUACGCUUAUC,-,64
pykF,UUACAGGACGUGAACAGAUG,-,1
pykF,GCGGUGUUAGUAGUGCCGCU,-,2
pykF,GAGCCAGUUCUUUACCCAGA,-,3
pykF,GUGAUCUCUUUAACAAGCUG,-,4
pykF,CUGAUGAGCCGUUUUUUCGU,-,5
pykF,AUGAGCCGUUUUUUCGUUGG,-,6
pykF,UUUCGUUGGUGGUCAGUGCC,-,7
pykF,GUUGGUGGUCAGUGCCAGGA,-,8
pykF,GGUGGUCAGUGCCAGGAUGG,-,9
pykF,AGUGCCAGGAUGGUGGCAUC,-,10
pykF,GUGCCAGGAUGGUGGCAUCC,-,11
pykF,UGAGUAGCAACCACGAUCAG,-,12
pykF,CAGUUUUUCAGCAGUUUCAA,-,13
pykF,CAGCAGUUUCAACGGCACCA,-,14
pykF,GGCACCACGGCAUACCGCUU,-,15
pykF,CUUCGGUAAUGCGCAGUUUA,-,16
pykF,UGUCAUUGUUGAACUCGAGA,-,17
pykF,CGAGACGGCUGUUCAUCACG,-,18
pykF,ACGGCUGUUCAUCACGCGGU,-,19
pykF,GCGGUCGGUACGUUCGCAGA,-,20
pykF,AUGAUAGAAACCGCUUCCAG,-,21
pykF,UGAUAGAAACCGCUUCCAGC,-,22
pykF,CAGCGGGUAUUUACCUUUUG,-,23
pykF,UCACUGCGUCAGUACCGUCG,-,24
pykF,UGCGUCAGUACCGUCGAGGA,-,25
pykF,GAUGGCGUUUGCAACGUCAC,-,26
pykF,UCACCGGCUUCUGCGCGAGU,-,27
pykF,CACCGGCUUCUGCGCGAGUC,-,28
pykF,GCUUCUGCGCGAGUCGGGCG,-,29
pykF,CUUCUGCGCGAGUCGGGCGU,-,30
pykF,CGGGCGUGGGUUUUUGAUCA,-,31
pykF,UGAUCAUGGAAUCCAGCAUC,-,32
pykF,GAUCAUGGAAUCCAGCAUCU,-,33
pykF,UGAUAACGACUUUACGUGCA,-,34
pykF,AUUUUUCGAUCAUCAUCUUC,-,35
pykF,UUUUUCGAUCAUCAUCUUCU,-,36
pykF,GCGAAGAUAACUUCUUCUAC,-,37
pykF,CGAAGAUAACUUCUUCUACC,-,38
pykF,CUACCGGGAUUUCUACACCC,-,39
pykF,CGCAACCAUGAUGCCGUCAG,-,40
pykF,UGAUGCCGUCAGAGGCUUCG,-,41
pykF,GGAUUUCGUCGAAGUUGUUG,-,42
pykF,CGAAGUUGUUGAGGCCUUCC,-,43
pykF,GCCUUCCUGGUUUUCGAUUU,-,44
pykF,UUUCGAUUUUGGAGAUGAUG,-,45
pykF,UUUCGCCGCCGUGCGCUUUC,-,46
pykF,CGUGCGCUUUCAGGUGCUCA,-,47
pykF,GUCAGAACGCUUACGAAUAA,-,48
pykF,CUUGUUCGCAACCAAAGAUC,-,49
pykF,UUGUCUUUUUCAGCCAGUGC,-,50
pykF,AGCCAGUGCUGGCAGAGCAA,-,51
pykF,GGCAGAGCAAUGGAAACGCC,-,52
pykF,GAGCAAUGGAAACGCCAGGC,-,53
pykF,UCACACCUUUGUUUUCGCCC,-,54
pykF,GAUAACUUUGUUACCUUCAA,-,55
pykF,AACUUUGUUACCUUCAAUGG,-,56
pykF,CAGACCAUCGUCAACCAGUA,-,57
pykF,GUACGGUGUUGCCAACAGAC,-,58
pykF,GCCGAUAACAGAUUUAUCAG,-,59
pykF,UUUAUCAGUGGUGAAAGUAA,-,60
pykF,GUUACCGCCUUCCAGUUUCA,-,61
pykF,CGCCUUCCAGUUUCAUGGUG,-,62
pykF,AGUUUCAUGGUGCGGAUUUC,-,63
pykF,GGUGCGGAUUUCCGGACCUU,-,64
pykF,CCGGACCUUUGGUAUCAAGC,-,65
pykF,UUUGGUAUCAAGCAGGAUAG,-,66
pykF,GGUAUCAAGCAGGAUAGCGG,-,67
pykF,AGCUAACAUCUCUUCAGAUU,-,68
pykF,AUCUCUUCAGAUUCGGUUUU,-,69
pykF,AGAUUCGGUUUUCGGUCCGA,-,70
pykF,UCCGAUGGUGCAAACAAUUU,-,71
pykF,UCUUAGUCUUUAAGUUGAGA,-,72
pykF,AGUCUUUAAGUUGAGAAGGA,-,73
pykF,GUCUUUAAGUUGAGAAGGAU,-,74
pykF,GAUGGGAGAAACUUGCUUUC,-,75
pykF,AUGGGAGAAACUUGCUUUCU,-,76
pykF,UUGCUUUCUGGGCGCACUGC,-,77
pykF,GCACUGCCGGAAAGCGAAUC,-,78
pykF,CGAAUCCGGUAUUACGAAAG,-,79
pykF,AUCCGGUAUUACGAAAGUGG,-,80
pfkB,AAAUUUUUUGCGUAUCGUCA,-,1
pfkB,AAUUUUUUGCGUAUCGUCAU,-,2
pfkB,ACGUGUUCCCUGAUUGAGUG,-,3
pfkB,ACGAACCAUCUCUUCAAGAG,-,4
pfkB,CAUGCUGUCACCAGCGCCAA,-,5
pfkB,CACCAGCGCCAACGGUACUC,-,6
pfkB,ACGGUACUCUGGCUUUUCAC,-,7
pfkB,GUACUCUGGCUUUUCACCGG,-,8
pfkB,CUCUGGCUUUUCACCGGUGG,-,9
pfkB,UCAACACCCAGCGCUCCUUG,-,10
pfkB,CCAGCGCUCCUUGUGGACCC,-,11
pfkB,CAGCGCUCCUUGUGGACCCA,-,12
pfkB,CAGGGAAACGACAACCCGUU,-,13
pfkB,GCUAUUAACGAUUUCCUGCG,-,14
pfkB,CGAUUUCCUGCGCGGCUUUG,-,15
pfkB,GCGGCUUUGCGGACAUCGUC,-,16
pfkB,CUUUGCGGACAUCGUCCGGC,-,17
pfkB,UUUGCGGACAUCGUCCGGCU,-,18
pfkB,CCAGCGCACUGAGUUCUUUU,-,19
pfkB,GCACUGAGUUCUUUUUGGUU,-,20
pfkB,CAGAACUGUCGACGAUGCAG,-,21
pfkB,GAUCCCUUGUUUUUGCGCAG,-,22
pfkB,UUUGCGCAGCGGAAAUCAGU,-,23
pfkB,UUGCGCAGCGGAAAUCAGUU,-,24
pfkB,AAUUUUUCCAGCUUCACACC,-,25
pfkB,UUUUCCAGCUUCACACCUGG,-,26
pfkB,CCAGCUUCACACCUGGCGGC,-,27
pfkB,GCAGGCUUCCGCUUAUGACC,-,28
pfkB,GCUUCCGCUUAUGACCAGGA,-,29
pfkB,GCUUAUGACCAGGAUGGCCC,-,30
pfkB,CCAGAACUUGCUCUUCAAGC,-,31
pfkB,UCUUCAUUUAAUGCCGCGCC,-,32
pfkB,CAUGUACGUGUAAAUUCUGC,-,33
pfkB,AUGUACGUGUAAAUUCUGCC,-,34
pfkB,AUUCUGCCGGGUCCAGUCUU,-,35
pfkB,UUUGGCUUCUACAGUAGCGA,-,36
pfkB,UUGGCUUCUACAGUAGCGAC,-,37
pfkB,UGGCUUCUACAGUAGCGACG,-,38
pfkB,CAUCCGCCAACAGUGAAACC,-,39
pfkB,CAGUGAAACCAGGUGUUCGC,-,40
pfkB,UCGCCGGUCGCGCCACCCGC,-,41
pfkB,CGCCGGUCGCGCCACCCGCC,-,42
pfkB,ACCCGCCGGGAAGAUCGCUG,-,43
pfkB,CUGUGGCACUGCCUCCAAGA,-,44
pfkB,UGUGGCACUGCCUCCAAGAU,-,45
pfkB,ACUGCCUCCAAGAUGGGCAA,-,46
pfkB,CUCCAAGAUGGGCAAUGGCG,-,47
pfkB,UCCAAGAUGGGCAAUGGCGC,-,48
pfkB,GACGUUGAUGCCGCCGCCCC,-,49
pfkB,ACGUUGAUGCCGCCGCCCCC,-,50
pfkB,CCGCCCCCGGGUUCGAACAC,-,51
pfkB,CCCGGGUUCGAACACCGGUG,-,52
pfkB,GGUACAGCGCAGUUUUCCUU,-,53
pfkB,GUACAGCGCAGUUUUCCUUC,-,54
pfkB,UUUCCUUCGGGAUAAAUUUG,-,55
pfkB,UUCCUUCGGGAUAAAUUUGC,-,56
pfkB,UCCUUCGGGAUAAAUUUGCG,-,57
pfkB,AAUUGUUGCGCUAUCGAGAG,-,58
pfkB,AUUGUUGCGCUAUCGAGAGA,-,59
pfkB,GUACCAUCAUUUCCUCCUAU,-,60
pfkB,CCUAUAGGCUGAUUUCAGUC,-,61
pfkB,UCAGUCUGGCACCGAAUCAG,-,62
pfkB,AAAUUAACAAUAUGAUUUAU,-,63
pykA,CUCUACCGUUAAAAUACGCG,-,1
pykA,CGUGGUAUUAGUAGAACCCA,-,2
pykA,CGGUACUCAUCACGUCGCCC,-,3
pykA,GGUACUCAUCACGUCGCCCU,-,4
pykA,CGCCCUGGGUGACAAUCACC,-,5
pykA,CAGCAGAUUAACCGCUUCGC,-,6
pykA,UUAGCGCUAUCAAAGUGCAC,-,7
pykA,CGCCACGAUAGAGAGCAGUC,-,8
pykA,UCAGGUUCAGCGUACGUUCA,-,9
pykA,CGUACGUUCAUGGCGCGACA,-,10
pykA,UGGCGCGACAUGGCGAAAAU,-,11
pykA,UUGGCAGACCAGAGCUGAUA,-,12
pykA,UGGCAGACCAGAGCUGAUAC,-,13
pykA,CAGACCAGAGCUGAUACGGG,-,14
pykA,GAUACGGGAGGUCAUCAGCG,-,15
pykA,CAGCGCGGUACGACCCGAUU,-,16
pykA,GGUACGACCCGAUUCGGUCA,-,17
pykA,UGAUCGCCGUAACGCCUUUC,-,18
pykA,UCGCCGUAACGCCUUUCAGG,-,19
pykA,AGCUGCGUACAUUGCUGACA,-,20
pykA,UGUCGAACUGAACGUCCAGA,-,21
pykA,UGUUUAGAAACGUUGAUGCU,-,22
pykA,GUUUAGAAACGUUGAUGCUC,-,23
pykA,UCGGGAUUUUUUCCGCACCC,-,24
pykA,ACCCAGGCAAACGCGCGCCA,-,25
pykA,AACGCGCGCCAUGGCUGCAA,-,26
pykA,AUGGCUGCAACGGUUUCUGA,-,27
pykA,UUCUGACGGAUACUGCCCAG,-,28
pykA,AGCGUCAGUACCAUCCAGAA,-,29
pykA,UCCAUGACUUCUGCACGCGU,-,30
pykA,ACUUCUGCACGCGUCGGCAU,-,31
pykA,CUUCUGCACGCGUCGGCAUC,-,32
pykA,UAAUCAUUGACUCCAUCAUC,-,33
pykA,AAUCAUUGACUCCAUCAUCU,-,34
pykA,GGGUCGCCGUGAUUACCGCU,-,35
pykA,GGUUUAGCUGACGCGCACGA,-,36
pykA,UUCUGAAUGCCGACCAGUUC,-,37
pykA,UCUGAAUGCCGACCAGUUCC,-,38
pykA,GGUCGCCAAUUUCCACACCG,-,39
pykA,UGCAACCAUUACCACGUCAG,-,40
pykA,CCAUUACCACGUCAGAGGCG,-,41
pykA,UGAUGUCAUCCAUUGCAUCC,-,42
pykA,CAUUGCAUCCUGGCUGCAAA,-,43
pykA,GGCUUCCGCACGUUCAACCU,-,44
pykA,CACAUCCUGCAUCGCGUGCC,-,45
pykA,CUGCAUCGCGUGCCAGGCGA,-,46
pykA,UGCAUCGCGUGCCAGGCGAC,-,47
pykA,UUCAGAUCUUCGCCACAGCG,-,48
pykA,UCAGAUCUUCGCCACAGCGU,-,49
pykA,AUCUUCGCCACAGCGUGGGA,-,50
pykA,AGCGUGGGAAGGAGACAGCC,-,51
pykA,AAUGUCUGCUUUGUCUUUUU,-,52
pykA,UUUGUUGAUACCUUUAUUGU,-,53
pykA,UGAUACCUUUAUUGUUGGAG,-,54
pykA,GAUACCUUUAUUGUUGGAGA,-,55
pykA,AUACCUUUAUUGUUGGAGAG,-,56
pykA,GUUGGAGAGGGGACCACCGA,-,57
pykA,GGGACCACCGACGGUGACUU,-,58
pykA,GAACUUCCAGUACUUUUAAC,-,59
pykA,CGCGACCAUCGUCCAGCAGC,-,60
pykA,UCCAGCAGCAGGAUGUCACC,-,61
pykA,UCACCAGGCACGACGUCAGC,-,62
pykA,CAGGCACGACGUCAGCAGGC,-,63
pykA,UGUCGCCUUCACCUUUACCC,-,64
pykA,GCCUUCACCUUUACCCAGGU,-,65
pykA,UACCCAGGUUGGCGUCGAGC,-,66
pykA,GGAAUUUAUCCCCAAUAUUG,-,67
pykA,GAAAACUUUGCCUUCUUUAA,-,68
pykA,AACUUUGCCUUCUUUAAAGG,-,69
pykA,CUUCUUUAAAGGUGGAUACA,-,70
pykA,AAAGGUGGAUACACGGAUUU,-,71
pykA,AAGGUGGAUACACGGAUUUU,-,72
pykA,AUACACGGAUUUUGGGCCCC,-,73
pykA,CACGGAUUUUGGGCCCCUGG,-,74
pykA,CACAUGACGCCCCAGUUUUG,-,75
pykA,GCGCGCAUUUUGUGAUCUUC,-,76
pykA,AAAGUUCAUACGUACAACGU,-,77
pykA,UUAUUAUCGCGAUCUGUUGC,-,78
pykA,UAUUAUCGCGAUCUGUUGCU,-,79
pykA,AUCUGUUGCUGGGCCUAACG,-,80
pykA,UUUUGUUCUGCGAAGCCUUC,-,81
pykA,CUCCGUUGACUGAAACAACC,-,82
pykA,CGAAUGAAAUAACGCCGCGA,-,83
pykA,GGCGAUAAAUUAAUCUCAUU,-,84
gpmM,GGCUUACCAGUCAUCUCUUG,-,1
gpmM,GCUUACCAGUCAUCUCUUGC,-,2
gpmM,CAUACCCAUCAGCGACAACA,-,3
gpmM,CCCAUCAGCGACAACAUGGU,-,4
gpmM,UUAUCACCAACGUAAAUCAG,-,5
gpmM,CCAACGUAAAUCAGCGGAAC,-,6
gpmM,CGUAAAUCAGCGGAACUGGC,-,7
gpmM,AAUCAGCGGAACUGGCAGGU,-,8
gpmM,GUGUGUGCCUGACCCGUUGC,-,9
gpmM,GCAUCUGCUCAGCGUUACCG,-,10
gpmM,CUCAGCGUUACCGUGGUCAG,-,11
gpmM,GAUCAGCAGUUGUCCACCCA,-,12
gpmM,AACCGCCGCUUCCAUCACCC,-,13
gpmM,UGACCUACCAUGUCGCCGUU,-,14
gpmM,GUUCGGAUAGUUACAGAUGA,-,15
gpmM,GUCGUAUUUGCCGCUCUUGA,-,16
gpmM,GAUGGCCGCAACCAGUUUUU,-,17
gpmM,CAGUUUUUCGGUCAGCUCUG,-,18
gpmM,AGCUCUGCGGAGCUCAUUUC,-,19
gpmM,CAUUUCCGGUUGCAGAUCGU,-,20
gpmM,AGAUCGUAGGUAGCCACUUU,-,21
gpmM,CGUUGAAGAAGAAAGUAACG,-,22
gpmM,GUUGAAGAAGAAAGUAACGU,-,23
gpmM,AGUAACGUGGGCAUAUUUUU,-,24
gpmM,GUGGGCAUAUUUUUCGGUUU,-,25
gpmM,UUUCGCCAUCCACUCGCCGA,-,26
gpmM,ACUCGCCGAAGGUGUUAACC,-,27
gpmM,CUCGCCGAAGGUGUUAACCA,-,28
gpmM,GAAGGUGUUAACCAGGGAAG,-,29
gpmM,AAGGUGUUAACCAGGGAAGC,-,30
gpmM,GUGUUAACCAGGGAAGCGGG,-,31
gpmM,UGUUAACCAGGGAAGCGGGU,-,32
gpmM,AACCGCAGUUUUGAUGUCAG,-,33
gpmM,UUUGAUGUCAGCGGCGUAUU,-,34
gpmM,CACGAGUGAUUUCACGCGCG,-,35
gpmM,UUUCACGCGCGCGGUCAGCA,-,36
gpmM,CCGUCUUCCAUUGCCGCGUC,-,37
gpmM,CGUCUGGCUGACCUUCAGCA,-,38
gpmM,CUGACCUUCAGCACGGAUAA,-,39
gpmM,AGCAGCCUGCAAACCAGCAA,-,40
gpmM,AGCCUGCAAACCAGCAACGG,-,41
gpmM,CAAACCAGCAACGGCGGUAU,-,42
gpmM,CAGCAACGGCGGUAUCGGCC,-,43
gpmM,CGCCCUGCGCCAGAGUCAGC,-,44
gpmM,CUUUUUCUACGCGAUCCCAA,-,45
gpmM,CGCGAUCCCAACGGUUAUCG,-,46
gpmM,CGCGUAGUAACGACCAAUGA,-,47
gpmM,GACCAAUGAUGGACGCUACG,-,48
gpmM,UACGCGGCCUUUGCCCAGCG,-,49
gpmM,UUCUUCGAAUUUUUUCAGCG,-,50
gpmM,AGCGAGGAUUCAGCACUGCG,-,51
gpmM,GAGGAUUCAGCACUGCGCGG,-,52
gpmM,GCGGAGUGUCGCGACCGUCA,-,53
gpmM,GACCGUCAAGGAAUGCGUGC,-,54
gpmM,UCGCCAUGAUGUGAUCUUCG,-,55
gpmM,GUGGCUGUGUACGCCGCCUG,-,56
gpmM,UCUACCGCGCCAGUCAGCAC,-,57
gpmM,UUUCAACGUCCAGACGAGUC,-,58
gpmM,UCAGGUCCUGAUACACGAUG,-,59
gpmM,GUCCUGAUACACGAUGCGGC,-,60
gpmM,ACACGAUGCGGCCGGCACCC,-,61
gpmM,GGCCGGCACCCAGGUUAACG,-,62
gpmM,CAGGUUAACGUGGCCUACUU,-,63
gpmM,CUUCGGAGUUACCCAUCUGA,-,64
gpmM,GAGUUACCCAUCUGACGGUC,-,65
gpmM,AGGCAGACCGACUUCCAGAC,-,66
gpmM,CCAGACCGGAAGCGUCGAUU,-,67
gpmM,CAGACCGGAAGCGUCGAUUA,-,68
gpmM,GAAGCGUCGAUUAGGGUAUG,-,69
gpmM,GAUUAGGGUAUGCGGACGAU,-,70
gpmM,GCCCACAGUGCAUCCAUUAC,-,71
gpmM,CCCACAGUGCAUCCAUUACC,-,72
gpmM,CCACAGUGCAUCCAUUACCG,-,73
gpmM,CGGGGUUUUAGCACUAAAAA,-,74
gpmM,UCCAGAAUCACCAGUACCAU,-,75
gpmM,UCAAAAUAUACGACCGCUCG,-,76
pfkA,UCCAGCCAGUCACCUUUGAA,-,1
pfkA,CGAUAGCGUCGAUGAUGUCG,-,2
pfkA,GGUGAACCAGCUGUUCGUUC,-,3
pfkA,CGAUAGCGUAAGCGCCCAUA,-,4
pfkA,GAUAGCGUAAGCGCCCAUAC,-,5
pfkA,CCAUACGGGAAGCCAGAAUA,-,6
pfkA,GAAGCCAGAAUACGGUCGUA,-,7
pfkA,AGAAUACGGUCGUAAGGCAC,-,8
pfkA,GCACCGGAGAACCACCGCGC,-,9
pfkA,GAGAACCACCGCGCUGGAUG,-,10
pfkA,UGUGGCCCAGCACAGUUGCG,-,11
pfkA,GUGGCCCAGCACAGUUGCGC,-,12
pfkA,AGUUGCGCGGGUUUCACGAC,-,13
pfkA,GUCAACAUCACACAUAUGUU,-,14
pfkA,CCGCUUUGAUUUCGUUUACC,-,15
pfkA,UUUCGUUUACCAGGUCUUCA,-,16
pfkA,UCACGGCUGAAUUCAACUUC,-,17
pfkA,CACAACGAAUUCACAGCCAC,-,18
pfkA,GAAUUCACAGCCACCGGCAA,-,19
pfkA,ACGUCAGAUCUCCACAAUAA,-,20
pfkA,ACGGCCCAUCACUUCCACCA,-,21
pfkA,CUUCCACCACGGAAAUACGC,-,22
pfkA,AAUACGCUGGUGAGAAGAAG,-,23
pfkA,AAGAAGAGGUGUCACGCAGA,-,24
pfkA,ACGGUCGAUCGCUUCUACAA,-,25
pfkA,AUGUCGUUGUCGAUAGUGCC,-,26
pfkA,GUGCCCGGCAGACCGAUGCA,-,27
pfkA,UGCCCGGCAGACCGAUGCAC,-,28
pfkA,GAUGCACGGGAAGCCCAUUU,-,29
pfkA,CAGACGCAUUGCACCCAUGU,-,30
pfkA,CGUCGAUACCACGUUUUUUC,-,31
pfkA,UUUCAGGUUUUCGAUAGCCA,-,32
pfkA,GGUUUUCGAUAGCCACGGCG,-,33
pfkA,CGGCGCGGAUGUUCUCGUCG,-,34
pfkA,AUGUUCUCGUCGCGGAAUUC,-,35
pfkA,UGUUCUCGUCGCGGAAUUCC,-,36
pfkA,CCGGGAAACGCGCAGAACCG,-,37
pfkA,AACCGAGGAACGUACCGCCA,-,38
pfkA,UCAUGUCAGACACGCUGUAA,-,39
pfkA,AACGGUCUAGCUGUACCAUA,-,40
pfkA,ACGAACAACCCCGCGAAUUG,-,41
pfkA,CGAAUUGCGGCGUUCAUGCC,-,42
pfkA,UCAUGACUACCUCUGAACUU,-,43
pfkA,UGCAAAAUGAAAUCUGUUGC,-,44
fbaB,ACAGAUAUUGCGCAGUUGCU,-,1
fbaB,UCUGACCAGCUUUAUCUCCC,-,2
fbaB,UGACAAUAAUCGCCCGCCAG,-,3
fbaB,AUGCAGACGUUGUACAACAC,-,4
fbaB,UGCAGACGUUGUACAACACC,-,5
fbaB,GUUGUACAACACCGGGCGUC,-,6
fbaB,UACAACACCGGGCGUCUGGC,-,7
fbaB,ACCGGGCGUCUGGCUGGCAC,-,8
fbaB,AGGAUAUCUUUCUAUUCUGC,-,9
fbaB,UUCUAUUCUGCCGGUUGACC,-,10
fbaB,UCUAUUCUGCCGGUUGACCA,-,11
fbaB,CAGGGCGUUGAGCACUCUGC,-,12
fbaB,CCCGAAAAACAUUGUUGAAC,-,13
fbaB,UGUUGAACUGGCGAUCGAAG,-,14
fbaB,GUUGAACUGGCGAUCGAAGC,-,15
fbaB,CGAAGCGGGCUGUAACUGUG,-,16
fbaB,AACUGUGUGGCGUCAACUUA,-,17
fbaB,GGCGUCAACUUACGGCGUGC,-,18
fbaB,AACUUACGGCGUGCUGGCGU,-,19
fbaB,GCGUGCUGGCGUCGGUAUCG,-,20
fbaB,UCAAACGCUGUAUGCCAGCG,-,21
fbaB,GCUGUAUGCCAGCGUGGAGC,-,22
fbaB,CGUGGAGCAGGCGUUCAACA,-,23
fbaB,GUGGAGCAGGCGUUCAACAU,-,24
fbaB,GCAGGCGUUCAACAUGGGCG,-,25
fbaB,GUUCAACAUGGGCGCGGUUG,-,26
fbaB,AACAUGGGCGCGGUUGCGGU,-,27
fbaB,GUUGGUGCGACUAUCUAUUU,-,28
fbaB,UGCGACUAUCUAUUUUGGCU,-,29
fbaB,CCAGAUUGAAGAAAUUUCUG,-,30
fbaB,UUUUGAACGUGCGCACGAGC,-,31
fbaB,UUUGAACGUGCGCACGAGCU,-,32
fbaB,ACGUGCGCACGAGCUGGGUA,-,33
fbaB,UGGGUAUGGUGACAGUGCUG,-,34
fbaB,GGGUAUGGUGACAGUGCUGU,-,35
fbaB,AACUCCGCCUUUAAGAAAGA,-,36
fbaB,CAUGUUUCCGCCGACCUGAC,-,37
fbaB,UUCCGCCGACCUGACCGGUC,-,38
fbaB,GACCGGUCAGGCAAACCAUC,-,39
fbaB,CGGUCAGGCAAACCAUCUGG,-,40
fbaB,AACCAUCUGGCGGCAACCAU,-,41
fbaB,AGAUAUCGUCAAACAAAAAA,-,42
fbaB,UAUCGUCAAACAAAAAAUGG,-,43
fbaB,CAAAAAAUGGCGGAAAAUAA,-,44
fbaB,AAAAUGGCGGAAAAUAACGG,-,45
fbaB,GGCUAUAAAGCAAUUAAUUA,-,46
fbaB,CAGCGAAAACCCGAUUGAUC,-,47
fbaB,UCAGUUAGCUAACUGCUAUA,-,48
fbaB,CAGUUAGCUAACUGCUAUAU,-,49
fbaB,UAGCUAACUGCUAUAUGGGU,-,50
fbaB,AGCUAACUGCUAUAUGGGUC,-,51
fbaB,AACUGCUAUAUGGGUCGGGC,-,52
fbaB,ACUGCUAUAUGGGUCGGGCU,-,53
fbaB,CGGGCUGGGUUGAUAAACUC,-,54
fbaB,GCUGGGUUGAUAAACUCCGG,-,55
fbaB,GAUAAACUCCGGCGGUGCUG,-,56
fbaB,AUAAACUCCGGCGGUGCUGC,-,57
fbaB,AACUCCGGCGGUGCUGCGGG,-,58
fbaB,CAGCGAUGCAGUGCGUACUG,-,59
fbaB,GCGGUUAUCAACAAACGCGC,-,60
fbaB,GUUAUCAACAAACGCGCAGG,-,61
fbaB,CAACAAACGCGCAGGCGGAA,-,62
fbaB,AACAAACGCGCAGGCGGAAU,-,63
fbaB,ACAAACGCGCAGGCGGAAUG,-,64
fbaB,GGCGGAAUGGGGCUGAUUCU,-,65
fbaB,UAAAGCGUUCAAGAAAUCGA,-,66
fbaB,UUCAAGAAAUCGAUGGCUGA,-,67
fbaB,GAAACUGAUUAACGCCGUGC,-,68
fbaB,UACGAACAACACCACCCCGU,-,69
fbaB,AACAACACCACCCCGUAGGA,-,70
fbaB,ACCACCCCGUAGGACGGAUA,-,71
fbaB,UAAGGCGUUUACGCUGCAUC,-,72
